{"cameraMode":{"drawMode":0,"name":"Shaded","section":"Shading Mode"},"sceneLighting":true,"audioPlay":false,"sceneViewState":{"m_AlwaysRefresh":false,"showFog":true,"showSkybox":true,"showFlares":true,"showImageEffects":true,"showParticleSystems":true,"showVisualEffectGraphs":true,"m_FxEnabled":true},"in2DMode":false,"pivot":{"x":-2.4364514350891115,"y":-3.08280086517334,"z":12.292619705200196},"rotation":{"x":0.23681588470935822,"y":-0.13589084148406983,"z":0.033461082726716998,"w":0.9614587426185608},"size":6.2392096519470219,"orthographic":false}