{"cameraMode":{"drawMode":0,"name":"Shaded","section":"Shading Mode"},"sceneLighting":false,"audioPlay":false,"sceneViewState":{"m_AlwaysRefresh":false,"showFog":true,"showSkybox":false,"showFlares":true,"showImageEffects":true,"showParticleSystems":true,"showVisualEffectGraphs":true,"m_FxEnabled":true},"in2DMode":false,"pivot":{"x":0.4699999690055847,"y":0.5789999961853027,"z":4.7129998207092289},"rotation":{"x":-0.34754714369773867,"y":-0.38804540038108828,"z":0.16085746884346009,"w":-0.838324785232544},"size":0.08660265803337097,"orthographic":false}