{"cameraMode":{"drawMode":0,"name":"Shaded","section":"Shading Mode"},"sceneLighting":false,"audioPlay":false,"sceneViewState":{"m_AlwaysRefresh":false,"showFog":true,"showSkybox":false,"showFlares":true,"showImageEffects":true,"showParticleSystems":true,"showVisualEffectGraphs":true,"m_FxEnabled":true},"in2DMode":false,"pivot":{"x":0.4699999690055847,"y":0.5789999961853027,"z":4.7129998207092289},"rotation":{"x":0.05182889103889465,"y":-0.8783511519432068,"z":0.09789937734603882,"w":0.46500763297080996},"size":0.08660265803337097,"orthographic":false}